CNPJ;ID_ESFERA
00768082000119;1
00993632000101;1
01072474000101;1
01612384000166;1
01612470000179;1
01612512000171;1
01612685000190;1
01612689000178;1
01612770000158;1
01612770000239;1
01612771000100;1
01612967000278;1
01617975000126;1
01966585000161;1
02322480000132;1
02512102000111;1
02541284000159;1
02585539000185;1
03490565000192;1
04686235000130;1
04887257000168;1
05074663000174;1
05216802000157;1
05497410000103;1
05508993000120;1
05525298000177;1
05564825000152;1
06072647000105;1
06073929000127;1
06074005000145;1
06074193000101;1
06074909000170;1
06075208000156;1
06077585000124;1
06079569000170;1
06081540000123;1
06093534000196;1
00387196000119;1
01612351000205;1
01612651000103;1
01612771000283;1
01613663000144;1
02345672000164;1
03061856000165;1
03638304000177;1
04047430000110;1
04275034000140;1
04480043000172;1
04574945000178;1
05065089000198;1
05410610000187;1
06070449000102;1
06073819000165;1
06074688000130;1
06075191000137;1
06080880000130;1
06081771000137;1
06087889000172;1
07045207000121;1
07830715000110;1
08619650000121;1
08700684000146;1
08702862000178;1
08702862000330;1
08737694000407;1
08737694000580;1
08737694000741;1
08749525000136;1
08767154000468;1
08778029000291;1
08778318001505;1
08781412000118;1
08781791000499;1
08781791000570;1
08782146000148;1
01612304000253;1
01612532000142;1
01612553000168;1
01612642000104;1
01613339000207;1
01615784000125;1
01617975000207;1
01621539000120;1
01681875000169;1
01896159000107;1
02912550000102;1
04223191000101;1
04569259000109;1
05291370000149;1
05626697000124;1
06068938000120;1
06070508000142;1
06071983000133;1
06072188000160;1
06073710000128;1
06073714000106;1
06073947000109;1
06074236000159;1
06074965000105;1
06075179000122;1
06076113000157;1
06077860000100;1
06081394000136;1
06083078000101;1
08184378000102;1
08608937000156;1
08686877000190;1
08694222000163;1
08702862000259;1
08702862000844;1
08717584000122;1
00534567000148;1
00825156000101;1
01612366000184;1
01612637000100;1
01612643000159;1
01612650000150;1
01612686000134;1
01612967000197;1
02350102000162;1
02372723000147;1
02390313000129;1
02938882000166;1
03778238000130;1
04551067000175;1
04849697000120;1
04896266000115;1
05096767000180;1
05408201000146;1
06073143000100;1
06073447000177;1
06073823000123;1
06074982000142;1
06075036000110;1
06077923000128;1
06083229000113;1
06095627000150;1
06104859000127;1
07356317000104;1
07435385000169;1
07796393000130;1
07842573000101;1
08073522000125;1
08448753000176;1
08608754000130;1
08612869000107;1
08715618000140;1
08785479000392;1
08785479000805;1
08787012000110;1
08787236000202;1
08790172000541;1
08806754001117;1
08806762000191;1
08809444000699;1
08809444000931;1
08864852000139;1
08865628000242;1
08865628000404;1
08865628000757;1
08865636000370;1
08865636000612;1
08865644000154;1
08868937000195;1
08869489000497;1
08869539000193;1
08872459000197;1
08873226000109;1
08881567000630;1
08881666000108;1
08881666000701;1
08883217000522;1
08883951000672;1
08883969000402;1
08884066000365;1
08888968000108;1
08898124000300;1
08898124000652;1
08902934000473;1
08916785000159;1
08916785001554;1
08917080000407;1
08917106000328;1
08921876000425;1
08924581001050;1
08924813000180;1
08927105000607;1
00602213000193;1
00797970000160;1
00853469000173;1
01612304000172;1
01612473000102;1
01612641000160;1
01612691000147;1
01613323000113;1
02038442000152;1
02207831000164;1
02464379000116;1
02512104000100;1
02749561000113;1
02938829000165;1
03405038000132;1
03474832000138;1
03506956000158;1
04047470000161;1
04424145000170;1
04875700000180;1
04911865000160;1
05635980000112;1
06071614000140;1
06072228000173;1
06074065000168;1
06079209000179;1
06083068000168;1
06083156000160;1
06084678000186;1
06099912000149;1
06115767000142;1
06533588000125;1
07891717000110;1
08242607000190;1
08701708000181;1
08739351000120;1
07434768000112;1
07903977000168;1
08516051000182;1
08573654000116;1
08586605000118;1
08664071000109;1
08701708000262;1
08730903000130;1
08730943000181;1
08732299000180;1
08737785000191;1
08739625000343;1
08739930000335;1
08740102000155;1
08741688000172;1
08753204000610;1
08754111000790;1
08767154000204;1
08778318000100;1
08778318000533;1
08785479000120;1
08785479000635;1
08788903000514;1
08789299000206;1
08790172000118;1
08806721000103;1
08806747000143;1
08809444000184;1
08865636000884;1
08865636000965;1
08865933000153;1
08866962000130;1
08867806000193;1
08868515000209;1
08869513000145;1
08869554000131;1
08870172000128;1
08872467000133;1
01612372000131;1
01612372000212;1
01612471000113;1
01612638000146;1
01612693000136;1
01613168000135;1
01613316000111;1
01613339000126;1
01615653000148;1
01617975000398;1
02575346000143;1
03318829000125;1
03474378000115;1
04342393000172;1
04424111000186;1
04424158000140;1
04424183000123;1
04440591000179;1
04691419000198;1
04926318000159;1
05622735000170;1
06070623000117;1
06071343000123;1
06072196000106;1
06074118000140;1
06076078000176;1
06081535000110;1
06091351000131;1
06093700000154;1
06115783000135;1
07485988000175;1
07775590000173;1
08610110000187;1
08683333000174;1
08698105000178;1
08699269000110;1
08702573000179;1
08928517000157;1
08928517000319;1
08940702000167;1
08948697000139;1
08993925000192;1
08993925000273;1
08993925000435;1
08996886000268;1
08996886000500;1
08999674000749;1
08999682000280;1
09012493000154;1
09067562000208;1
09070624000230;1
09070624000583;1
09072448000608;1
09073297000190;1
09084054000238;1
09084815000251;1
09090689000329;1
09151473000245;1
09151473000326;1
09151796000824;1
09159666001133;1
09197044000128;1
09291765000100;1
10202434000128;1
10595024000194;1
10948421000100;1
11181651000141;1
11232760000140;1
11264183000179;1
11404679000109;1
11404727000150;1
11442838000151;1
11459820000162;1
11494230000170;1
08732273000132;1
08749525000640;1
08753204000105;1
08767154000387;1
08778029000453;1
08778755000204;1
08788903000603;1
08788903000786;1
08790172000622;1
08806754000307;1
08806754000730;1
08806754000811;1
08806754001389;1
08809089000143;1
08865636000299;1
08868515000624;1
08869489000306;1
08869497000190;1
08874984000141;1
08876104000419;1
08881567000479;1
08881666000370;1
08881666000884;1
08883217000603;1
08883951000400;1
08883951000753;1
08884066000608;1
08891830000168;1
08892967000137;1
08898124000229;1
08898124000571;1
08898256000765;1
08899940000419;1
08902934000201;1
08902934000554;1
08902934000635;1
08902934000805;1
08916645000423;1
08874695000142;1
08874885000160;1
08876104000338;1
08881666000450;1
08881666000612;1
08882730000175;1
08882730000507;1
08883951000249;1
08917106000751;1
08920571000318;1
08920571000580;1
08921876000344;1
08921876000506;1
08922718000570;1
08922718000732;1
08922718000902;1
08923989000117;1
08924029000252;1
08924078000104;1
08924581000160;1
08924581000755;1
08924813000694;1
08925968000726;1
08926263000138;1
08926263000480;1
08927105000445;1
08927105000879;1
08927915000159;1
08928517000408;1
08928517000580;1
08928517000661;1
08929648000159;1
08929648000400;1
08929648000582;1
08939944000130;1
08945727000587;1
08964953000181;1
08993909000108;1
08993909000604;1
08993925000354;1
08732174000231;1
08740466000135;1
08749525000217;1
08749525000306;1
08753204000709;1
08753204000962;1
08767154000549;1
08769311000121;1
08778318000290;1
08778318000452;1
08781791000812;1
08787392000192;1
08788903000190;1
08788903000271;1
08790172000380;1
08790172000460;1
08790172000894;1
08800265000186;1
08806754000145;1
08809444000346;1
08809444000427;1
08864837000190;1
08865628000161;1
08868515000462;1
08869489000225;1
08873234000155;1
08876104000176;1
08876104000680;1
08881567000550;1
08881666000299;1
08882524000165;1
08882730000337;1
08883951000168;1
08883951000320;1
08883969000160;1
08883969000240;1
08883969000321;1
08884066000284;1
08894859000527;1
11739873000137;1
11799820000101;1
11898585000125;1
11956278000153;1
12012235000182;1
12113020000158;1
12229182000156;1
12328153000141;1
12457150000108;1
12460136000163;1
12556838000145;1
12607705000150;1
12620525000109;1
12724605000104;1
12755991000100;1
12760148000103;1
12763482000110;1
12769312000143;1
12778540000180;1
12784607000199;1
12867598000108;1
12899907000113;1
13070749000157;1
13223705000110;1
13505504000105;1
13884126000118;1
15546113000164;1
15823009000170;1
16559788000100;1
16943591000170;1
17065060000195;1
17955315000195;1
18018710000104;1
01612636000157;1
01612690000100;1
01612692000191;1
01612986000202;1
01681179000152;1
01795508000196;1
02090303000178;1
02334476000194;1
02670493000100;1
02739758000171;1
03820556000112;1
04044191000144;1
04047440000155;1
04415308000159;1
04460214000100;1
04625431000102;1
04936023000163;1
06072165000155;1
06073073000190;1
06073794000108;1
06075666000195;1
06075977000154;1
06077262000130;1
06077894000102;1
06077897000138;1
06086131000110;1
06089087000100;1
06089169000146;1
07777837000190;1
07900709000192;1
08225413000186;1
08674396000164;1
08702862000410;1
08702862000500;1
08732281000189;1
08737694000156;1
08999674000153;1
08999690000650;1
08999716000237;1
09048976000613;1
09048976000702;1
09067562000550;1
09069709000541;1
09072430000436;1
09072448000780;1
09072455000197;1
09073271000141;1
09074113000106;1
09084088000141;1
09084088000222;1
09084815000928;1
09151796000239;1
09151796000409;1
09151796000662;1
09154915000126;1
09165176000178;1
09260100000121;1
09282477000181;1
09494536000185;1
10382118000185;1
10602526000103;1
10956614000103;1
11109361000197;1
11136097000180;1
11164805000197;1
11228615000196;1
11321779000163;1
11348419000155;1
11396811000170;1
11404674000178;1
11428853000145;1
11432444000112;1
11462050000107;1
08702862000763;1
08702862000925;1
08732174000827;1
08737694000318;1
08739625000424;1
08739625000696;1
08739625000777;1
08740102000236;1
08740466000216;1
08741399000173;1
08742264000122;1
08742439000100;1
08749525000560;1
08754111000448;1
08778318001009;1
08778326000237;1
08778755000123;1
08781791000650;1
08788903000352;1
08790172000207;1
08806754001540;1
08806838000189;1
08809444000770;1
08864845000137;1
08865636000450;1
08865636000531;1
08865636000701;1
08876104000257;1
08881666000531;1
08882730000418;1
08882862000105;1
08884066000446;1
08885287000196;1
08888950000297;1
08889826000246;1
08894859000284;1
08894859000799;1
08894859000870;1
08898124000814;1
08898124000903;1
08917080000580;1
08923971000387;1
08924581000593;1
08924813000341;1
08924813000422;1
08924813000503;1
08925968000807;1
08926263000642;1
08927105000950;1
08928517000238;1
08929648000230;1
08931495000265;1
08947699000103;1
08948697000210;1
08948697000643;1
08988848000182;1
08993917000146;1
08999682000604;1
08999690000570;1
08999716000580;1
09067562000399;1
09069709000118;1
09070624000400;1
09072455000278;1
09072455000359;1
09072513000182;1
09084088000494;1
09084815000170;1
09084815000766;1
09086935000107;1
09145368000201;1
09151473000679;1
09151598000194;1
09159666000161;1
09318907000178;1
09362328000122;1
09370842000100;1
10493355000113;1
10521892000120;1
10760912000115;1
08739351000201;1
08739625000505;1
08753204000296;1
08753204000539;1
08781791000731;1
08785479000201;1
08786626000187;1
08789299000117;1
08806754000650;1
08809071000494;1
08809444000265;1
08809444000850;1
08866501000167;1
08867780000264;1
08869489000659;1
08869505000360;1
08869547000130;1
08874737000145;1
08874935000109;1
08874984000494;1
08881567000207;1
08883217000360;1
08889297000108;1
08894859000446;1
08899940000176;1
08899940000680;1
08916785000825;1
08916785002364;1
08917106000166;1
08919490000136;1
08920126000277;1
08921876000182;1
08922718000309;1
08922718000490;1
08924052000166;1
08924581000240;1
08924581000917;1
08924813000260;1
08927105000364;1
00776126000152;1
01612532000223;1
01612635000102;1
01612640000115;1
01612649000126;1
01612691000228;1
01613283000100;1
01691405000186;1
02182502000106;1
02212723000180;1
02311633000146;1
02355884000122;1
03627760000111;1
04469484000173;1
05092848000101;1
05325381000100;1
05489626000127;1
06068991000120;1
06073353000106;1
06073743000178;1
06074142000180;1
06074192000167;1
06076081000190;1
06078813000180;1
06086317000179;1
06089952000100;1
06862694000152;1
07418223000112;1
07617264000138;1
07989048000113;1
08052306000101;1
08100235000167;1
08185735000149;1
08271652000172;1
08307068000120;1
01612343000170;1
01612511000127;1
01612684000145;1
01612757000107;1
02215625000104;1
02297548000170;1
02370207000183;1
02458148000108;1
03391291000184;1
03584764000160;1
03703229000180;1
03936114000136;1
04047456000168;1
04304844000187;1
04809903000179;1
05622754000105;1
05626697000205;1
06072040000125;1
06073945000110;1
06074022000182;1
06074081000150;1
06074094000120;1
06074166000139;1
06074960000182;1
06077776000196;1
06082645000105;1
06089984000105;1
07354680000190;1
07408825000199;1
07971634000130;1
08509212000100;1
08559734000117;1
08702862000682;1
08732174000312;1
08732174000665;1
08737694000822;1
01612341000180;1
01612351000116;1
01612535000186;1
01612538000110;1
01612687000189;1
01612941000149;1
01612986000113;1
01691513000159;1
01966584000117;1
01974965000148;1
02015756000130;1
02393727000101;1
02497776000194;1
02906130000113;1
02916098000157;1
04153496000194;1
04827493000199;1
04930156000122;1
05456092000132;1
05759468000188;1
06068759000192;1
06068960000170;1
06070406000127;1
06073942000186;1
06074156000101;1
06077763000117;1
06078393000132;1
06078803000145;1
06915338000150;1
07334230000136;1
07457457000179;1
07615929000174;1
08036438000131;1
08401897000177;1
08579944000177;1
08580325000100;1
08898256000412;1
08902934000392;1
08916785001120;1
08916785001201;1
08916785001805;1
08917080000237;1
08917106000590;1
08920126000439;1
08922718000813;1
08924011000170;1
08924581000674;1
08924581000836;1
08926263000219;1
08927105000283;1
08927105000798;1
08928517000823;1
08928517000904;1
08948697000562;1
08948697000724;1
08993925000516;1
08997611000168;1
08999690000308;1
08999708000452;1
09048976000370;1
09069709000380;1
09072430000860;1
09072455000430;1
09084815000413;1
09090689000248;1
09150087000158;1
09151473000407;1
09159666000595;1
09159666000919;1
09164716000107;1
09164716000280;1
09164716000441;1
09419752000166;1
09602676000120;1
10425754000147;1
10486210000195;1
18552192000104;1
18748980000170;1
20411999000179;1
20421266000115;1
20472910000184;1
20719554000150;1
21286738000137;1
21353237000126;1
21784140000178;1
22398546000185;1
22597326000180;1
22665389000127;1
22755781000167;1
23047198000164;1
23166863000139;1
24513574000806;1
27796543000113;1
29992524000198;1
30035906000102;1
30599309000100;1
30642467000104;1
30811991000153;1
30817512000106;1
30913385000149;1
31022335000134;1
31034919000120;1
31037869000134;1
31118734000101;1
31132946000135;1
34359986000102;1
36275739000153;1
36448732000196;1
39494376000135;1
41094792000198;1
08754111000367;1
08785479000473;1
08785479000988;1
08785479001011;1
08786865000307;1
08788903000433;1
08790172000703;1
08806754000900;1
08810350000125;1
08865628000595;1
08867780000183;1
08867780000426;1
08868515000543;1
08869505000280;1
08869505000522;1
08870164000181;1
08884066000101;1
08886947000153;1
08891566000162;1
08894859000365;1
08898124000733;1
08899940000761;1
08916124000123;1
08916124000395;1
08916645000261;1
08916645000695;1
08916785000582;1
08916785000663;1
08916785000906;1
08916785001635;1
08917080000741;1
08917106000670;1
08920126000510;1
08920571000237;1
08921971000186;1
08923971000115;1
08923997000163;1
08924581000321;1
08942211000155;1
08943227000182;1
11463951000113;1
11479401000192;1
12009325000114;1
12051399000119;1
12099621000153;1
12238409000120;1
12306005000126;1
12403050000107;1
12455227000100;1
12633937000183;1
12751785000113;1
12754009000177;1
12794460000118;1
12801661000103;1
13238391000129;1
13259942000130;1
13559249000183;1
13844779000173;1
14054483000111;1
14530664000177;1
14861992000156;1
14936923000164;1
15032962000108;1
15554361000157;1
16802148000180;1
17056972000109;1
17344705000129;1
17641975000100;1
17750844000152;1
17755589000130;1
17783928000192;1
11214763000151;1
11285050000189;1
11309134000105;1
11347758000117;1
11420422000132;1
11429813000118;1
11472830000138;1
11832051000104;1
11907806000184;1
12011663000190;1
12401524000173;1
12438919000140;1
12695881000191;1
12703221000105;1
12741967000103;1
13099820000124;1
13807703000178;1
13911386000135;1
14418667000113;1
14425362000139;1
14475207000127;1
14735171000173;1
14743316000188;1
14875668000197;1
15270403000128;1
15556667000142;1
16889161000118;1
17198476000181;1
17316318000189;1
17648806000193;1
17667821000189;1
17830158000191;1
17945598000194;1
18024290000179;1
18123107000192;1
18182330000100;1
18188981000108;1
18268471000140;1
18290033000189;1
18369190000184;1
18806271000102;1
19188925000136;1
19438832000112;1
19491973000107;1
19584166000120;1
20158487000142;1
20299023000156;1
20306600000190;1
20513103000162;1
20554502000171;1
20643713000180;1
20949357000128;1
21773418000101;1
21774988000116;1
22731700000199;1
22966333000102;1
23109437000163;1
23206111000154;1
26697493000154;1
28386261000100;1
28703225000123;1
30035706000150;1
30168128000120;1
30776047000102;1
30798068000129;1
08944084000123;1
08945727000315;1
08945727000749;1
08947699000707;1
08982139000190;1
08996886000349;1
08996886000420;1
08999674000234;1
08999674000404;1
08999674000587;1
09048976000290;1
09070624000150;1
09072448000195;1
09074907000170;1
09084815000332;1
09084815000502;1
09151796000581;1
09159666000757;1
09217985000186;1
09356616000174;1
09505246000190;1
10398439000178;1
10460712000147;1
10460927000168;1
10494038000111;1
11162629000154;1
11203325000198;1
11229326000101;1
11266865000110;1
11267041000165;1
11490408000105;1
11516185000108;1
11525246000101;1
11565067000190;1
11594437000117;1
11850135000162;1
11956337000193;1
41216755000105;1
42003838000189;1
42410402000104;1
42687694000127;1
43060972000184;1
44075734000105;1
44323777000162;1
44367020000170;1
44732284000186;1
47097636000167;1
47197141000100;1
47352241000163;1
47668727000105;1
47729398000165;1
47997205000157;1
48063159000181;1
49324133000102;1
50634069000145;1
51096968000102;1
51999816000101;1
08701062000132;1
08732174000401;1
08732174000746;1
08732182000105;1
08737694000660;1
08739625000181;1
08739625000262;1
08739930000173;1
08743272000193;1
08749525000489;1
08753204000881;1
08754111000103;1
08754111000600;1
08767154000115;1
08767154000620;1
08778318000614;1
08778318000967;1
08778318001262;1
08778318001343;1
08778318001424;1
08781791000308;1
08785479000716;1
08786865000218;1
08789737000147;1
08806754000579;1
08806770000138;1
08809071000222;1
08809071000303;1
08809444000508;1
08810400000174;1
08868515000110;1
08868523000166;1
08869521000191;1
08869562000188;1
08874984000575;1
08881567000126;1
08882524000246;1
08883217000107;1
08883969000674;1
08884066000527;1
12385505000109;1
12461113000173;1
12564502000124;1
12619289000100;1
12724464000120;1
12744521000132;1
12761641000148;1
12769172000103;1
12818276000160;1
12926040000148;1
13857317000190;1
14498387000162;1
14546983000170;1
14877521000136;1
15250005000140;1
15682219000195;1
16889157000150;1
17753134000186;1
17920192000157;1
18170569000160;1
18210130000114;1
18282725000185;1
18289945000130;1
18290041000125;1
18517489000139;1
18738944000126;1
18891228000184;1
19155011000179;1
20370114000130;1
20629963000166;1
20852451000164;1
20873228000101;1
21103401000147;1
08927105000526;1
08927915000310;1
08931495000184;1
08939936000194;1
08945727000404;1
08945727000668;1
08991820000102;1
08993909000280;1
08996886000187;1
08999690000146;1
08999716000156;1
09069709000207;1
09070624000311;1
09072448000519;1
09073719000127;1
09074147000109;1
09074345000164;1
09074360000102;1
09084088000575;1
09151473000750;1
09151796000743;1
09159666000242;1
09164716000603;1
09164716000794;1
09494245000197;1
09652980000181;1
10484826000127;1
10563852000140;1
10570295000195;1
10732530000188;1
11155239000157;1
11174552000132;1
11228592000110;1
11252030000101;1
11268720000159;1
11277311000119;1
21225927000108;1
22041242000166;1
23436626000140;1
24508525000109;1
24514309000168;1
28017709000119;1
28234040000117;1
29334469000149;1
29574718000173;1
29890529000100;1
29996856000140;1
30152609000147;1
30408965000189;1
30565583000169;1
30708373000182;1
30784719000121;1
30924279000160;1
30958304000127;1
31030292000139;1
31032294000167;1
31121027000166;1
32735084000106;1
34755833000184;1
35039681000186;1
37351306000100;1
39585487000157;1
41210170000188;1
41803943000130;1
43095352000180;1
43282929000163;1
43760288000105;1
43786206000100;1
43905453000170;1
11307940000144;1
11348410000144;1
11436548000103;1
11579536000120;1
11655026000194;1
11757032000152;1
11767841000145;1
11836179000138;1
11879377000189;1
11984861000178;1
12002118000138;1
12156559000194;1
12283516000170;1
12375571000190;1
12431299000118;1
12452534000138;1
12460209000117;1
12522755000135;1
12526644000105;1
12611789000104;1
12612794000123;1
12722506000193;1
13536791000110;1
13549874000144;1
13876013000170;1
14063027000138;1
14489409000128;1
14551081000122;1
15556655000118;1
15834721000174;1
16669355000108;1
17738447000165;1
17907081000100;1
17949026000183;1
18000776000177;1
18024277000110;1
18153223000154;1
18190569000122;1
18225595000149;1
18344319000108;1
18519297000161;1
19120887000180;1
19161866000102;1
19438268000138;1
20934731000111;1
21085564000144;1
21229090000167;1
21276428000131;1
21286456000130;1
21540501000130;1
24513574000121;1
24513574000393;1
24513574000555;1
28846563000114;1
29196548000130;1
30007184000182;1
30007351000195;1
30046788000138;1
30076410000187;1
30140449000116;1
30698272000178;1
30704666000191;1
30723719000111;1
30869627000144;1
30879230000133;1
30971408000171;1
31036942000153;1
31055416000130;1
31070465000142;1
31186628000157;1
34179363000158;1
39423337000147;1
41080849000108;1
41842864000138;1
42287865000120;1
42692233000142;1
42777527000177;1
42913850000120;1
43000519000182;1
43304430000100;1
43691520000109;1
43864176000102;1
43918458000137;1
44343997000158;1
44474796000190;1
45293429000152;1
45632719000183;1
46732872000145;1
47692329000124;1
47933275000141;1
50089453000104;1
51235351000112;1
51325618000162;1
51730516000122;1
52764080000155;1
52946608000107;1
17917267000140;1
17975221000188;1
17982154000129;1
18018927000114;1
18052320000150;1
18054276000118;1
18222097000142;1
18587958000196;1
18603745000100;1
18767963000180;1
18843101000190;1
19207734000174;1
19235101000170;1
19968164000135;1
20307636000198;1
20593591000165;1
21408585000153;1
21579686000197;1
22209667000131;1
22337150000128;1
22436916000121;1
23235036000150;1
24513574000474;1
28396636000113;1
29953088000148;1
29995497000107;1
30017070000113;1
30036126000187;1
30130732000167;1
30295630000100;1
30597260000157;1
30606153000148;1
31746901000150;1
34573510000170;1
35816288000151;1
35857380000160;1
38046509000148;1
41217035000164;1
42059430000129;1
42236150000149;1
42616386000100;1
42896249000177;1
43731704000147;1
43732541000117;1
43943332000112;1
45196329000108;1
46180272000111;1
46254562000162;1
46433482000174;1
47657582000147;1
48401562000173;1
49253849000166;1
50159929000136;1
52712413000100;1
52972334000120;1
08898256000170;1
08898256000331;1
08907735000105;1
08916785000400;1
08916785001716;1
08917080000156;1
08917080000822;1
08917106000247;1
08920126000358;1
08923971000204;1
08924060000102;1
08925968000564;1
08928517000742;1
08931495000508;1
08941833000169;1
08944076000187;1
08945727000234;1
08947699000537;1
08948697000805;1
08983140000139;1
08993925000605;1
08996886000691;1
08999674000668;1
08999682000361;1
08999682000442;1
08999690000499;1
09072430000193;1
09072430000355;1
09072430000517;1
09073628000191;1
09074634000163;1
09074998000143;1
09084054000319;1
09090689000167;1
09148727000276;1
09151796000310;1
09159666000323;1
09159666000404;1
10461231000156;1
10473821000107;1
08884983000188;1
08889826000165;1
08891666000199;1
08898256000250;1
08898256000501;1
08898256000684;1
08898256000846;1
08916124000204;1
08916645000180;1
08916785002100;1
08919490000217;1
08920571000407;1
08921876000697;1
08922718000147;1
08924029000171;1
08924037000118;1
08925968000300;1
08926263000308;1
08926263000561;1
08927105000100;1
08927915000230;1
08931495000427;1
08932293000157;1
08940694000159;1
08947699000294;1
08948697000481;1
08991812000239;1
08993909000361;1
08993909000442;1
08996886000772;1
08999674000315;1
08999708000100;1
08999708000614;1
08999716000318;1
09001744000103;1
09028341000140;1
09048976000532;1
09067562000127;1
09067562000470;1
09069709000460;1
10502869000198;1
10538747000151;1
10664047000103;1
10710480000138;1
10933233000109;1
11170236000192;1
11171199000137;1
11188530000121;1
11245287000136;1
11247833000178;1
11355061000198;1
11573081000135;1
11838096000188;1
11838404000175;1
12103142000163;1
12238420000190;1
12319741000119;1
12383333000126;1
12407380000162;1
12466590000121;1
12544044000161;1
12724621000105;1
12724811000114;1
12780395000171;1
12848539000184;1
13091306000142;1
13466063000180;1
13660868000160;1
14371331000142;1
15283173000131;1
15614504000179;1
15651230000198;1
09071622000185;1
09072430000789;1
09072448000438;1
09072455000600;1
09073685000170;1
09084054000408;1
09084054000661;1
09084815000685;1
09090689000400;1
09090689000671;1
09151796000158;1
09159666000676;1
09467841000188;1
10435066000168;1
10505525000132;1
10522238000130;1
10538287000161;1
10975063000117;1
11143891000151;1
11161210000188;1
11238753000156;1
11242822000103;1
11332636000157;1
11356674000140;1
11404690000160;1
11411482000199;1
11442859000177;1
11445922000129;1
11471451000123;1
11471739000106;1
11576627000101;1
11588202000112;1
11601645000104;1
11602227000123;1
11780026000116;1
30632453000100;1
30634972000107;1
30640904000142;1
30678311000175;1
30699974000176;1
30906076000141;1
30920810000127;1
30996071000157;1
31015793000146;1
31043381000110;1
31043835000152;1
31044796000108;1
31071255000179;1
31157133000108;1
31190244000108;1
35576651000109;1
37931033000165;1
41545376000169;1
41649644000192;1
42036443000182;1
42287880000179;1
42287891000159;1
43435160000176;1
44054717000191;1
45862522000130;1
47487209000195;1
48003621000155;1
48465685000178;1
49169773000195;1
49741228000121;1
51383934000190;1
52643209000177;1
53097003000151;1
11902878000139;1
11975218000188;1
12011137000120;1
12011652000100;1
12057559000137;1
12082904000192;1
12096450000109;1
12103110000168;1
12185691000124;1
12192651000100;1
12224414000183;1
12335016000134;1
12361524000197;1
12423438000161;1
12431393000177;1
12431437000169;1
12445365000109;1
12569623000169;1
12593725000110;1
12763457000137;1
12779225000177;1
12781610000159;1
12918998000197;1
13491027000176;1
13564227000101;1
13654396000132;1
14322110000184;1
14530582000122;1
14925164000134;1
15632138000180;1
15740578000151;1
16596782000103;1
15700427000170;1
15790911000137;1
17407238000139;1
17556737000198;1
18154671000172;1
18402264000137;1
18483865000111;1
18656487000120;1
18776003000187;1
18792109000174;1
18865049000172;1
18869153000135;1
19427284000125;1
19438854000182;1
19631593000112;1
19655098000143;1
19970108000135;1
20009091000133;1
20307829000149;1
20317086000198;1
20905429000135;1
21103237000178;1
21202388000183;1
21307502000130;1
21321981000149;1
21513620000102;1
22208989000166;1
23005590000140;1
24513574000636;1
27762314000188;1
29170201000119;1
29995505000115;1
10490987000123;1
10598364000179;1
10811526000105;1
11076942000170;1
11209770000165;1
11304889000117;1
11383748000137;1
11570107000191;1
11685421000110;1
11814527000176;1
11856862000137;1
11908594000150;1
11958034000100;1
12012166000107;1
12035107000154;1
12152148000120;1
12201824000109;1
12445872000142;1
12447221000191;1
12603767000194;1
12868705000104;1
13035671000130;1
13674210000107;1
13845413000119;1
13923732000103;1
14148034000132;1
14473373000194;1
14569435000166;1
15604910000150;1
15912254000153;1
16403132000102;1
16630938000125;1
16648079000100;1
16613040000149;1
16964750000113;1
17065050000150;1
17096149000119;1
17302791000107;1
17432497000110;1
17730499000195;1
17784175000130;1
17945886000149;1
18115727000180;1
18208877000138;1
18257399000156;1
18326716000149;1
18341270000121;1
19115975000193;1
19290496000103;1
19437886000163;1
19438309000196;1
19890221000100;1
20180384000189;1
20183605000172;1
20306925000172;1
20962535000150;1
22063685000158;1
23109348000117;1
23167129000194;1
23192890000186;1
23379245000177;1
23747554000152;1
24513574000717;1
24544534000147;1
26488873000189;1
17340731000189;1
17577160000109;1
17658696000140;1
17698753000115;1
17782754000143;1
17792379000112;1
18216831000160;1
18241698000100;1
18335512000174;1
18471204000176;1
18728302000146;1
18730452000194;1
19281373000106;1
21025594000165;1
21706625000143;1
23014200000107;1
23884645000130;1
24228736000180;1
24514325000150;1
27084331000103;1
27772939000120;1
28109741000124;1
28172262000152;1
29118655000140;1
30021579000130;1
30078127000194;1
30406600000115;1
30431847000191;1
30701451000117;1
30806235000136;1
30838828000184;1
30970514000130;1
31021027000194;1
44420878000151;1
45682448000170;1
45694968000101;1
47614059000133;1
47641438000112;1
47916589000136;1
48066825000135;1
48081388000129;1
48087254000115;1
49544803000104;1
50337273000102;1
51287161000149;1
52734156000108;1
52904961000124;1
52992165000190;1
53142067000127;1
31035042000191;1
31548281000145;1
31746059000157;1
33085430000102;1
34559878000183;1
35006582000106;1
36055588000128;1
37079594000188;1
41137753000120;1
41798044000196;1
42152060000170;1
43728028000152;1
43740555000182;1
43886317000180;1
45646732000191;1
45680124000101;1
46774016000152;1
47414427000108;1
48116780000166;1
48392068000190;1
48401193000119;1
49210622000133;1
49736207000118;1
50190526000150;1
52563581000173;1
53159233000106;1
70097811000138;1
70097969000108;1
97519352000190;1
26605320000169;1
26765895000149;1
28448511000190;1
30033246000120;1
30073826000141;1
30280822000134;1
30294216000178;1
30710491000125;1
30732477000122;1
30735527000125;1
30796772000142;1
30900289000166;1
30933602000162;1
33454681000117;1
34058663000189;1
34291994000164;1
34470209000130;1
34713612000143;1
36614645000161;1
39830273000107;1
41684215000156;1
42135929000178;1
42671989000105;1
42768223000143;1
42900405000126;1
43828842000149;1
44181198000122;1
44604666000124;1
44925813000168;1
45486128000145;1
46547944000184;1
46629174000119;1
46725100000186;1
30049467000197;1
30838818000149;1
30933609000184;1
31006239000100;1
31042177000184;1
34345209000109;1
34681061000183;1
35240596000181;1
36092833000177;1
38100522000138;1
39416684000142;1
39455882000115;1
39972318000170;1
40017463000180;1
40348840000164;1
40955403000109;1
41410324000185;1
42291415000101;1
42324734000176;1
43627981000104;1
43652266000121;1
44174834000199;1
46487752000120;1
48060880000118;1
48344157000160;1
48463778000163;1
48710977000129;1
49415255000104;1
49498931000150;1
49995943000190;1
50006874000124;1
50205950000120;1
50434259000119;1
47046104000109;1
47691728000170;1
48401547000125;1
48680354000150;1
49331664000122;1
49829577000108;1
50249030000104;1
70098884000144;1
50780274000119;1
51382672000140;1
51549213000108;1
51592599000130;1
08615188000194;1
08732174000150;1
08732174000584;1
08737694000237;1
08739930000254;1
08740466000305;1
08753204000377;1
08753204000458;1
08754111000286;1
08754111000529;1
08764284000102;1
08778029000100;1
08778318000371;1
08781791000146;1
08786626000268;1
08786865000137;1
08787236000121;1
08794632000186;1
08806754001036;1
08806754001460;1
08809071000141;1
08809071000575;1
08809469000188;1
08865628000323;1
08865628000676;1
08865628000838;1
08865636000108;1
08867780000345;1
08867780000507;1
08869489000578;1
08869505000441;1
08874984000222;1
08874984000303;1
08876104000508;1
08881567000398;1
08882730000256;1
08883217000441;1
08883969000593;1
08885139000171;1
08891541000169;1
08894859000101;1
08894859000608;1
08894859000950;1
08898124000148;1
08899940000338;1
08902934000120;1
08916645000342;1
08916645000504;1
08916785000310;1
08916785000744;1
08916785001988;1
08916785002283;1
08917080000660;1
08917080000903;1
08917106000409;1
08919425000100;1
08920571000156;1
08922718000228;1
08924581000402;1
08925968000483;1
08925968000645;1
08931495000346;1
08943268000250;1
08944092000170;1
08947699000375;1
08947699000618;1
08948697000309;1
08991804000101;1
08996886000853;1
08999682000523;1
08999682000795;1
08999690000227;1
08999708000290;1
08999708000533;1
08999716000407;1
08999716000660;1
09048976000109;1
09070400000148;1
09072430000274;1
09072448000276;1
09072455000510;1
09072463000133;1
09074592000160;1
09084054000580;1
09084088000656;1
09084815000847;1
09090689000590;1
09145368000112;1
09148131000195;1
09148727000195;1
09151861000145;1
09164716000522;1
09302424000185;1
09380559000169;1
09494229000102;1
10188691000152;1
10472943000170;1
10541009000163;1
10770716000121;1
11153600000106;1
11268285000162;1
11285069000125;1
11332661000130;1
11376311000176;1
11400094000102;1
11418606000168;1
11431018000164;1
11457024000190;1
11479205000118;1
11594451000110;1
11793042000143;1
11850452000189;1
11935039000117;1
11951131000170;1
11956066000176;1
08738916000155;1
08739138000119;1
08778029000372;1
08778318000703;1
08778318000886;1
08778318001181;1
08778318001696;1
08778326000156;1
08781791000227;1
08785479000554;1
08806739000105;1
08806754000226;1
08806754000498;1
08806754001206;1
08806788000130;1
08846236000155;1
08868515000381;1
08869489000144;1
08869505000107;1
08881666000965;1
08882730000680;1
08883217000280;1
08883951000591;1
08888950000106;1
08898124000490;1
08899940000257;1
08899940000508;1
08902934000716;1
08916785000230;1
08916785001040;1
08916785001392;1
08916785001473;1
08916785002011;1
08917080000318;1
08920126000196;1
08921876000263;1
08922718000651;1
08924003000123;1
08925968000130;1
11956816000100;1
12147288000100;1
12229486000113;1
12270261000100;1
12271478000135;1
12285704000137;1
12319873000140;1
12446181000163;1
12522695000150;1
12544678000114;1
12612026000170;1
12668697000152;1
12753724000195;1
12770140000128;1
12770413000134;1
12802197000161;1
13003424000151;1
13044711000100;1
13072341000114;1
13107318000118;1
13291727000117;1
13655362000162;1
13751495000132;1
13845567000100;1
14569524000102;1
14688620000170;1
14707036000114;1
14735164000171;1
14817162000121;1
14952069000120;1
15571034000103;1
15659574000143;1
16525232000101;1
16713873000181;1
17340734000112;1
17739771000106;1
17886924000130;1
17973840000133;1
18079808000171;1
18206884000109;1
18300139000116;1
18473167000135;1
18494945000172;1
18809786000158;1
18816829000122;1
20129965000196;1
20392948000147;1
20672372000171;1
20815318000138;1
20934715000129;1
21129179000151;1
21177660000112;1
24513574000202;1
26331083000195;1
26453218000195;1
27268996000177;1
29070033000190;1
29553225000157;1
30026572000100;1
30274632000104;1
30392049000106;1
30452894000111;1
30642183000100;1
30697989000103;1
08925968000211;1
08929648000310;1
08929648000663;1
08942229000157;1
08942306000179;1
08943268000179;1
08945727000153;1
08947699000456;1
08991812000158;1
08993909000523;1
08993925000788;1
08999682000108;1
08999708000371;1
09048976000451;1
09048976000885;1
09072430000606;1
09072448000357;1
09075011000105;1
09084054000157;1
09084088000303;1
09151473000164;1
09151473000598;1
09159666000838;1
09159666001052;1
09164716000360;1
10528434000112;1
10557425000150;1
10785644000196;1
10819820000163;1
10975044000190;1
11227813000135;1
11268139000137;1
11364289000144;1
11417610000101;1
11420456000127;1
11421779000135;1
11516231000179;1
11667845000151;1
11793009000113;1
11903620000157;1
11995860000129;1
12011984000195;1
12044829000175;1
12044868000172;1
12081925000193;1
12290612000145;1
12321759000155;1
12370254000180;1
12417272000170;1
12447227000169;1
12694879000106;1
12799717000124;1
12802800000105;1
12899823000180;1
13051539000111;1
13069201000197;1
13199106000108;1
13772067000196;1
14441213000163;1
14816083000104;1
15651232000187;1
15659586000178;1
15675327000130;1
16499152000110;1
16576297000178;1
17197555000178;1
17255101000106;1
17740126000103;1
17999135000105;1
18134000000140;1
30731573000156;1
30786025000123;1
30947315000101;1
30982480000102;1
31568704000199;1
31723680000103;1
31846797000176;1
32318440000188;1
34451210000118;1
34904527000162;1
36306716000169;1
41067724000130;1
41134826000120;1
41833049000102;1
41986248000150;1
42867406000116;1
42875490000110;1
44377218000135;1
44692079000134;1
46102423000113;1
46440734000192;1
46673036000137;1
46686834000101;1
46983311000119;1
47339280000120;1
47401339000163;1
48068588000141;1
48274116000145;1
48389509000102;1
48401100000156;1
48505766000154;1
48699929000187;1
49077005000101;1
49267608000176;1
49624284000186;1
50356081000135;1
50916780000192;1
51074856000142;1
51946642000119;1
70098934000193;1
18189029000129;1
18216724000132;1
18217652000148;1
18284593000120;1
18666341000166;1
19108175000145;1
19152785000146;1
19257318000180;1
19310414000145;1
19384295000175;1
19439796000101;1
21352056000185;1
21401308000119;1
21462893000167;1
21781188000122;1
22217607000160;1
22634287000144;1
22701942000130;1
23167226000187;1
23397784000139;1
24514283000158;1
25369030000109;1
26453210000129;1
26620650000123;1
27860293000133;1
28296383000106;1
28727829000100;1
30024227000138;1
30035915000101;1
30076130000179;1
30088607000136;1
30089360000172;1
30294984000121;1
30297830000193;1
30651762000119;1
30758367000130;1
30782487000172;1
30909210000168;1
30910189000110;1
30933364000195;1
33080253000171;1
33598752000155;1
33806625000102;1
34481497000129;1
34858507000100;1
35501733000194;1
35760046000193;1
38116821000160;1
40669170000188;1
41206199000196;1
41827975000175;1
41829779000130;1
42147031000110;1
42427193000101;1
42818265000141;1
42966194000124;1
42973557000159;1
43727497000157;1
43731000000174;1
43791186000157;1
43820473000148;1
44068506000108;1
44280951000137;1
44425365000133;1
44753482000126;1
46311410000154;1
46330190000106;1
46995008000136;1
47043834000148;1
47846321000175;1
48408142000119;1
48455700000105;1
48961780000162;1
49352575000162;1
50191557000125;1
50620634000115;1
52376281000185;1
70134374000185;1
97549981000162;1
01612773000191;1
01617684000138;1
01653265000151;1
02310717000165;1
02931144000197;1
04442483000135;1
04964530000100;1
08354235000193;1
08583817000141;1
08584146000133;1
08607012000190;1
08607061000123;1
09143041000101;1
09288606000149;1
09309618000102;1
09309626000159;1
11983996000119;1
12609400000188;1
12732038000138;1
12942017000147;1
13245182000102;1
24223752000180;1
24225625000110;1
24232555000127;1
01615253000132;1
01629698000171;1
01638457000199;1
01674553000192;1
01965876000135;1
03411185000115;1
03813487000110;1
07289779000156;1
08581985000106;1
09220922000189;1
10560742000125;1
10743268000177;1
10743482000123;1
10761724000101;1
12721999000147;1
12724282000159;1
24508822000146;1
24510612000192;1
41134750000133;1
70098777000116;1
00970131000100;1
01618605000103;1
01643001000117;1
01656981000192;1
01678232000166;1
01970195000165;1
02309824000173;1
02325823000112;1
03593988000138;1
03596130000127;1
08560781000180;1
08580706000181;1
08582199000115;1
11993466000151;1
12913646000149;1
12913737000184;1
24227373000168;1
24508640000175;1
24510547000103;1
01613430000141;1
01616336000146;1
01624879000105;1
01760259000101;1
04832786000164;1
05244679000188;1
08354201000107;1
08582371000130;1
10853844000139;1
11364725000185;1
11988433000113;1
12922647000150;1
24226177000179;1
24232258000181;1
24233173000118;1
24233199000166;1
24508343000120;1
24510620000139;1
00710819000142;1
01609777000110;1
04146736000123;1
04226327000137;1
08580458000179;1
08582207000123;1
08841637000112;1
09143637000101;1
10513130000181;1
24225690000145;1
24513434000153;1
40949471000165;1
41134776000181;1
00481487000171;1
00774433000102;1
00898293000176;1
01615254000187;1
01617683000193;1
01618595000106;1
01635617000146;1
01845157000180;1
02311522000130;1
02322970000139;1
02506174000156;1
02920623000108;1
07764762000103;1
08582694000124;1
08583932000116;1
08583981000159;1
09308933000115;1
09370784000114;1
11891058000199;1
12721858000124;1
12722930000138;1
12723854000185;1
12913653000140;1
12914115000170;1
12920252000118;1
12920286000102;1
24232399000102;1
35506690000130;1
01612644000101;1
02044560000173;1
02140375000182;1
02307198000186;1
02372330000133;1
03019226000122;1
03079249000122;1
04252692000116;1
04721463000101;1
06072256000190;1
07837470000153;1
08583809000103;1
08606972000136;1
09142985000164;1
09143074000151;1
09232679000119;1
09260217000105;1
09308842000180;1
10762011000162;1
11891041000131;1
12720256000152;1
12913679000199;1
12922597000100;1
24107823000189;1
24226284000105;1
24226342000192;1
35578012000182;1
00435934000156;1
00435939000189;1
01612772000147;1
01812534000185;1
02084343000107;1
02262190000140;1
02304546000161;1
04226179000150;1
05562774000120;1
07156713000198;1
08560799000182;1
08582041000145;1
08582355000148;1
08584195000176;1
09597600000153;1
11986056000183;1
12722468000179;1
12920278000166;1
12922605000119;1
24226573000104;1
24509945000100;1
00431374000161;1
01612554000102;1
01618606000158;1
01822324000178;1
02215626000140;1
02334899000104;1
04226001000100;1
08579973000139;1
08583577000185;1
08584377000147;1
10763936000128;1
10853984000107;1
12723342000119;1
12920187000120;1
24097990000196;1
24231987000113;1
24508889000180;1
00909349000140;1
01367156000178;1
01614188000120;1
01615646000146;1
01615654000192;1
01633342000101;1
01643057000171;1
01658733000180;1
01667940000100;1
01698922000187;1
01715942000119;1
01799815000145;1
02311523000184;1
02316556000117;1
02323474000108;1
02348066000100;1
02992704000113;1
03412879000177;1
03465642000154;1
07776126000100;1
08582546000100;1
08584138000197;1
08584179000183;1
08584229000122;1
08841553000189;1
09283482000109;1
10761708000119;1
11988425000177;1
12671806000190;1
12914271000131;1
24107781000186;1
24232373000156;1
35492420000117;1
35576669000100;1
41210139000147;1
70097829000130;1
34304033000147;2
02221962000104;2
04816974000107;2
05523727000177;2
07531295000171;2
08338873000110;2
08405292000235;2
08730095000291;2
08761124000444;2
08778243000167;2
08778268002023;2
08778268002708;2
08778268003267;2
08778268003690;2
08778268003933;2
08778268004662;2
08778268004743;2
08778268005634;2
08778300000299;2
08778300000612;2
08907768000155;2
08907776000363;2
08907776000797;2
09122706002063;2
24507865000107;2
28807336000180;2
44723751000101;2
49000448000102;2
01745944000150;2
04865760000112;2
04886240000196;2
07077648000105;2
07529125000152;2
08778250000240;2
08778268000160;2
08778268000322;2
08778268003003;2
08778300000108;2
08951600000228;2
09122706000443;2
09122706000958;2
09122706001415;2
09122706001849;2
09128000000146;2
09186982000122;2
10848190000155;2
13307527000105;2
21736498000125;2
27655429000173;2
45060874000172;2
45226079000101;2
03114093000173;2
08778250000320;2
08778268000403;2
08778268002619;2
08778268003186;2
08778268005472;2
08778268005715;2
08778300000370;2
08778300000531;2
09122706000605;2
09122706001253;2
09122706001687;2
09122706001920;2
09122706002144;2
09122706002225;2
09125444000128;2
09260381000112;2
09284001000180;2
10733319000260;2
10733319000422;2
12671814000137;2
12720595000139;2
17456796000194;2
24508541000193;2
32535845000178;2
70097779000190;2
01518579000141;2
02467492000155;2
05830824000102;2
08329849000115;2
08761132000148;2
08778268004158;2
08778268005049;2
08778276000107;2
08907750000234;2
09122706000281;2
09122706000796;2
09122706001091;2
09537092000118;2
12933172000105;2
03595140000148;2
07531295000252;2
08299661000171;2
08331175000193;2
08366486000198;2
08730095000100;2
08761124000363;2
08761140000356;2
08761157000141;2
08778268001213;2
08778268002538;2
08778268002961;2
08778268003771;2
08778268004581;2
08778268005391;2
08778268005804;2
08778300000884;2
08907776000444;2
09125444000128;2
09128000000227;2
09260290000187;2
09449162000186;2
10733319000180;2
13168003000180;2
20674326000101;2
21054904000170;2
21736498000125;2
21736498000125;2
27029193000160;2
35268389000135;2
03515174000185;2
06195827000184;2
08032795000121;2
08761132000571;2
08778250000169;2
08778268000241;2
08778268002295;2
08778268002880;2
08778268003852;2
08778268004905;2
08778268005120;2
08907776000878;2
09122706000362;2
09122706000524;2
09122706001172;2
09260290000187;2
10733319000503;2
37587111000156;2
45223579000190;2
36814674000177;2
49651124000126;2
02221962000287;2
07312912000148;2
08405292000154;2
08761124000525;2
08761140000275;2
08761157000222;2
08778243000248;2
08778268000594;2
08778268000918;2
08778268001302;2
08778268001728;2
08778268001809;2
08778268002376;2
08778268002457;2
08778268003348;2
08778268003429;2
08778268004077;2
08778268004239;2
08778268004409;2
08778292000108;2
08778300000450;2
08778300000701;2
08907776000606;2
09122706001334;2
09122706001504;2
09122706001768;2
09128000000570;2
09188376000146;2
09193681000126;2
09260316000197;2
09370990000124;2
03618802000158;2
05012350000191;2
06926139000147;2
08761124000606;2
08778268000756;2
08778268001132;2
08778268001566;2
08778268002104;2
08778268004310;2
08778284000234;2
08778300001007;2
08907776000100;2
08907776000959;2
08996452000187;2
03609595000175;2
05752835000111;2
07300006000123;2
08761124000100;2
08761124000282;2
08761132000300;2
08761140000194;2
08778268000837;2
08778268001647;2
08778268003500;2
08778268005200;2
08778300000965;2
08907750000153;2
08907750000315;2
08907776000525;2
08951600000147;2
09122706000109;2
09122706000877;2
09128000000499;2
09300922000199;2
10595549000120;2
11061594000167;2
11887642000170;2
14113131000190;2
22404257000141;2
40954992000100;2
41226895000164;2
11993326000183;2
22024932000107;2
38111778000140;2
40971152000156;2
41134719000100;2
49603010000100;2
02102173000146;2
04838295000120;2
06121067000160;2
07456196000172;2
07603529000149;2
08366304000189;2
08761132000229;2
08761132000490;2
08778268000675;2
08778268001051;2
08778268001485;2
08778268001990;2
08778268004824;2
08778268005553;2
08778284000153;2
08907776000282;2
09128000000308;2
10733319000341;2
12251050000120;2
12271681000101;2
21841253000168;2
40954992000291;2
40975997000110;2
44724233000102;2
44993952000129;2
09283912000192;2
09283110000263;2
09283110000182;2
22902046000139;2
09283185000406;2
09283185000244;2
09283185000163;2
09283185000325;2
09283185000597;2
14816627000120;1
18678313000169;1
22816713000160;1
22902276000106;1
01958301000195;1
04606614000172;1
08609617000110;1
13835189000184;1
14593429000144;1
19450630000196;1
02490994000105;1
02716554000115;1
03216923000173;1
03302160000183;1
05293992000106;1
07369201000100;1
17424683000107;1
05324241000100;1
05994044000106;1
19273859000100;1
02716554000115;1
05296853000136;1
11712547000136;1
11935744000114;1
35746665000123;1
51510086000133;1
02471378000107;1
03208756000119;1
13039091000110;1
14593429000144;1
03226148000137;1
46629750000128;1
03131722000173;1
07619376000128;1
13770749000160;1
14536666000173;1
16665448000164;1
22851453000164;1
09265468000182;1
14536652000150;1
49415044000171;1
10882069000140;1
10882069000140;1
19710956000105;1
31858672000166;1
34309190000145;1
41406586000176;1
00371600000166;2
00371600000328;2
00371600000409;2
02921821000277;2
08269847001311;2
08269847001583;2
08946006000168;2
08973752000906;2
08973752001031;2
08973752002941;2
08973752003409;2
08973752003751;2
08973752004057;2
08973752004138;2
08973752004219;2
08973752004480;2
08973752005614;2
08973752005886;2
08973752006181;2
08973752006696;2
08973752007668;2
08973752008206;2
08973752009873;2
08973752010456;2
08973752010537;2
08973752010618;2
08973752011347;2
08973752011932;2
08973752012823;2
09123654001663;2
09123654001825;2
09123654002988;2
09123654004921;2
09123654005308;2
09123654005901;2
09291030000250;2
40981516000774;2
02921821000196;2
08269847000420;2
08269847001150;2
08269847001664;2
08683641000361;2
08973752005290;2
08973752008710;2
08973752009601;2
08973752010103;2
08973752011770;2
08973752012238;2
09123654000420;2
09123654001400;2
09123654004255;2
09123654005227;2
09123654006622;2
09123654007351;2
09123654007602;2
09123654007947;2
09295684000170;2
09307729000180;2
09361361000219;2
40981516001312;2
40981516002203;2
40981516000855;2
40981516001150;2
40981516001401;2
40981516001584;2
40981516003285;2
42422253003704;2
00371600000247;2
08269847000340;2
08269847001079;2
08269847001400;2
08269847002474;2
08269847002717;2
08683641001171;2
08973752001899;2
08973752002356;2
08973752003085;2
08973752005029;2
08973752005452;2
08973752005533;2
08973752007153;2
08973752012319;2
08973752012742;2
09123027000146;2
09123654000187;2
09123654000187;2
09123654001906;2
09123654002201;2
09123654004174;2
09123654004689;2
09123654005146;2
09123654005499;2
09123654006118;2
09123654006541;2
09123654007513;2
09293069000125;1
12926838000190;2
12942165000161;1
40981516000189;2
40981516001231;2
40981516002394;2
40981516003013;2
41136532000138;2
00371600000670;2
08269847001745;2
08269847002202;2
08683641000108;2
08683641000280;2
08683641000957;2
08683641001503;2
08683641001686;2
08973752000140;2
08973752000221;2
08973752001112;2
08973752001384;2
08973752001546;2
08973752002194;2
08973752002275;2
08973752002860;2
08973752003832;2
08973752004723;2
08973752005100;2
08973752008397;2
08973752008800;2
08973752010022;2
08973752011185;2
08973752011428;2
08973752011851;2
08973752012157;2
09111618000284;2
09123027000227;2
09123654000500;2
09123654001078;2
09123654001230;2
09123654002716;2
09123654003011;2
09123654003283;2
09123654003445;2
09123654003607;2
09123654007009;2
09297235000161;1
09361361000138;2
40981516002556;2
00371600000328;2
00371600000751;2
08269847000854;2
08269847001826;2
08683641000523;2
08973752000302;2
08973752000817;2
08973752002437;2
08973752003590;2
08973752004561;2
08973752004995;2
08973752008044;2
08973752009016;2
08973752010294;2
08973752011266;2
08973752012076;2
08973752013129;2
09111618000101;2
09111618000101;2
09123654000934;2
09123654001582;2
09123654002805;2
09123654003100;2
09123654006380;2
33820785000106;2
40981516000693;2
40981516001908;2
40981516002718;2
40981516002980;2
40981516003366;2
08269847000692;2
08269847002393;2
08683641000442;2
08683641001767;2
08695900000293;2
08973752001708;2
08973752002518;2
08973752003328;2
08973752003913;2
08973752006505;2
08973752007820;2
08973752008125;2
08973752008478;2
08973752009440;2
08973752010375;2
08973752010960;2
08973752012580;2
08973752012904;2
09123654000691;2
09123654000772;2
09123654002392;2
09123654003798;2
09123654004760;2
09123654005065;2
09123654007785;2
09123654007866;2
09307729000260;2
09307729000341;2
24290645000174;2
35497734000102;1
40981516000260;2
40981516000502;2
40981516002637;2
08269847000188;2
08269847000773;2
08269847001230;2
08269847002040;2
08683641000604;2
08683641000795;2
08946006000249;2
08973752000493;2
08973752001201;2
08973752001627;2
08973752003247;2
08973752004804;2
08973752006009;2
08973752007404;2
08973752007749;2
08973752009520;2
08973752010707;2
08973752010880;2
08973752011509;2
08973752011690;2
08973752013200;2
09123654000853;2
09123654001744;2
09123654003526;2
09123654003879;2
09123654004506;2
09291030000179;2
40981516000421;2
40981516000936;2
40981516002041;2
40981516002122;2
40981516002807;2
00371600000166;2
02343132000141;2
02343132000141;2
08269847000269;2
08269847000501;2
08269847001907;2
08269847002636;2
08695900000102;2
08950297000168;2
08973752000574;2
08973752005371;2
08973752006262;2
08973752006777;2
08973752006858;2
08973752006939;2
08973752007072;2
08973752007234;2
08973752007587;2
08973752007900;2
08973752009105;2
08973752012661;2
09123654001310;2
09123654002554;2
09123654002635;2
09123654004840;2
09123654006703;2
09123654008080;2
09123654008161;2
40981516001665;2
40981516001827;2
40981516003528;2
08269847002121;2
08683641001090;2
08683641001252;2
08683641001333;2
08683641001414;2
08973752000655;2
08973752000736;2
08973752001465;2
08973752001970;2
08973752002003;2
08973752002607;2
08973752003670;2
08973752004308;2
08973752004642;2
08973752006343;2
08973752009288;2
08973752009792;2
08973752012408;2
08973752013048;2
08973752013390;2
09123654000268;2
09123654002040;2
09123654002120;2
09123654002473;2
09123654004336;2
09123654006037;2
09123654006975;2
09366790000106;2
40981516001070;2
40981516001746;2
00371600000590;2
03107781000106;1
08269847000935;2
08269847002555;2
08683641000876;2
08973752002780;2
08973752003166;2
08973752005703;2
08973752005967;2
08973752006424;2
08973752007315;2
08973752008559;2
08973752008630;2
08973752008982;2
08973752009369;2
08973752009954;2
08973752011002;2
09123654000349;2
09123654001159;2
09123654003364;2
09123654003950;2
09123654004093;2
09123654004417;2
09123654005570;2
09123654005650;2
09123654005731;2
09123654005812;2
09123654006207;2
09123654006460;2
09123654006894;2
09123654007190;2
09123654007270;2
09123654007432;2
09189499000100;2
40981516000340;2
40981516002475;2
40981516003102;2
40981516003447;2
10876240000108;1
21959364000173;2
